Name Company,Country,Website,Linkedin
4.events,Portugal,https://www.4.events/pt/,https://www.linkedin.com/showcase/4-events-portugal
4GIFT,Italy,http://www.4gift.com,https://www.linkedin.com/company/4gifters
Aktivolabs,Singapore,https://www.aktivolabs.com,https://www.linkedin.com/company/aktivo-labs
Amberflo.io,United States,https://www.amberflo.io,https://www.linkedin.com/company/amberflo
Amity,United Kingdom,https://www.amity.co,https://www.linkedin.com/company/amity-hq
AppsBow,United States,https://www.appsbow.com,https://www.linkedin.com/company/appsbow
asvin.io,Germany,https://www.asvin.io,https://www.linkedin.com/company/40744289/admin
Bairro,Portugal,https://bairro.pt,https://www.linkedin.com/company/bairro-prt
bex technologies,Germany,https://bexapp.de,https://www.linkedin.com/company/bextechnologies
BitDegree,Lithuania,https://www.bitdegree.org/,https://www.linkedin.com/company/bitdegree
Boataround.com,Slovakia,https://www.boataround.com,https://www.linkedin.com/company/7946875/admin
Brame,Switzerland,https://www.brame.io,https://www.linkedin.com/company/brame-branded-game
bTd Travel & Private Jets,United States,https://www.btdtravels.com,https://www.linkedin.com/company/btdweb/about/?viewAsMember=true
CanXchange,United Kingdom,https://www.canxchange.eu,https://www.linkedin.com/company/canxchange
Cerbos,United Kingdom,https://cerbos.dev,https://www.linkedin.com/company/cerbos-dev
cheqd,United Kingdom,https://cheqd.io,https://www.linkedin.com/company/cheqd-identity
CleanHub,Germany,https://www.cleanhub.com/,
Co:Create,United States,https://www.usecocreate.io/,
CRURATED,United Kingdom,https://crurated.com/,https://www.linkedin.com/company/crurated
Dhemax,Chile,https://www.dhemax.com/,https://www.linkedin.com/company/dhemax
Digip,Sweden,https://www.digip.com,https://www.linkedin.com/company/51592558
DuoKey,Switzerland,https://duokey.com,
EcoTree,Denmark,https://ecotree.green,https://www.linkedin.com/company/ecotree-international
Eleven,Singapore,https://www.runeleven.com,https://www.linkedin.com/company/14448990
